{
  "Benign": {
    "precision": 0.9999572542436717,
    "recall": 0.9999988446612373,
    "f1-score": 0.9999780490200043,
    "support": 865547.0
  },
  "Malicious": {
    "precision": 0.9999988446131822,
    "recall": 0.9999572524657817,
    "f1-score": 0.9999780481069959,
    "support": 865547.0
  },
  "accuracy": 0.9999780485635096,
  "macro avg": {
    "precision": 0.9999780494284269,
    "recall": 0.9999780485635095,
    "f1-score": 0.9999780485635001,
    "support": 1731094.0
  },
  "weighted avg": {
    "precision": 0.9999780494284269,
    "recall": 0.9999780485635096,
    "f1-score": 0.9999780485635001,
    "support": 1731094.0
  }
}