{
  "Flow IAT Min": 0.30243370288614724,
  "Dst Port": 0.15197432313377046,
  "RST Flag Count": 0.06906962990747928,
  "Bwd Packet/Bulk Avg": 0.06326926773931393,
  "Fwd Segment Size Avg": 0.041307023085827704,
  "Total Fwd Packet": 0.03673137183224543,
  "Fwd Header Length": 0.036355068645612,
  "Fwd IAT Total": 0.027692639413311463,
  "Src Port": 0.025410398979662373,
  "Packet Length Std": 0.02408586845913567,
  "Flow Bytes/s": 0.023148731619025986,
  "Flow Duration": 0.021206687513735372,
  "Packet Length Max": 0.016342954348234868,
  "FWD Init Win Bytes": 0.010650442144311737,
  "Fwd IAT Mean": 0.010023154342683386,
  "Idle Mean": 0.009931693007165213,
  "Bwd Bulk Rate Avg": 0.008965302778808885,
  "Fwd Packet Length Min": 0.008620152299437422,
  "Fwd Act Data Pkts": 0.008525424204259387,
  "Protocol": 0.008284271689679799
}