{
  "Benign": {
    "precision": 0.9999849808216645,
    "recall": 1.0,
    "f1-score": 0.9999924903544379,
    "support": 865547.0
  },
  "Malicious": {
    "precision": 1.0,
    "recall": 0.9999849805960854,
    "f1-score": 0.9999924902416467,
    "support": 865547.0
  },
  "accuracy": 0.9999924902980427,
  "macro avg": {
    "precision": 0.9999924904108323,
    "recall": 0.9999924902980427,
    "f1-score": 0.9999924902980424,
    "support": 1731094.0
  },
  "weighted avg": {
    "precision": 0.9999924904108324,
    "recall": 0.9999924902980427,
    "f1-score": 0.9999924902980424,
    "support": 1731094.0
  }
}