{
  "Benign": {
    "precision": 0.9999595647783803,
    "recall": 1.0,
    "f1-score": 0.9999797819804301,
    "support": 865547.0
  },
  "Malicious": {
    "precision": 1.0,
    "recall": 0.999959563143307,
    "f1-score": 0.9999797811628605,
    "support": 865547.0
  },
  "accuracy": 0.9999797815716536,
  "macro avg": {
    "precision": 0.9999797823891902,
    "recall": 0.9999797815716536,
    "f1-score": 0.9999797815716454,
    "support": 1731094.0
  },
  "weighted avg": {
    "precision": 0.9999797823891902,
    "recall": 0.9999797815716536,
    "f1-score": 0.9999797815716454,
    "support": 1731094.0
  }
}